<?xml version="1.0" encoding="UTF-8"?>
<Config>
    <!--Configuration file standard version. If you are not an SDK developer, please do not modify it, otherwise the configuration function may fail.-->
    <ConfigStandardVersion>1.1</ConfigStandardVersion>

    <Log>
        <!--Log output level, int type, optional values: 0-DEBUG, 1-INFO, 2-WARN, 3-ERROR, 4-FATAL, 5-OFF-->
        <!--Log level configuration execution priority: 0. Application code configuration > 1. Detailed configuration of configuration file (file & console configuration) > 2. Global configuration of configuration file > 3. SDK code default configuration (file: 0, terminal: 1)-->
        <!--Global log output level-->
        <LogLevel>0</LogLevel>
        <!--File log output level-->
        <FileLogLevel>0</FileLogLevel>
        <!--Console log output level-->
        <ConsoleLogLevel>1</ConsoleLogLevel>
        <!--Default log output file path, string type. If this item is not configured, the default path will be used: Win/Linux: "./Log"; Android: "/sdcard/Orbbec/Log"-->
        <!--<OutputDir>./log</OutputDir>-->
        <!--Default log output file size, int type, unit: MB-->
        <MaxFileSize>100</MaxFileSize>
        <!--Default log output file number (circular overwrite), int type-->
        <MaxFileNum>3</MaxFileNum>
        <!--Log asynchronous output, changing to asynchronous output can reduce the blocking time of printing logs, but some logs may be lost when the program exits abnormally; true-enable, false-disable (default)-->
        <Async>false</Async>
    </Log>

    <Memory>
        <!--Enable memory pool to reuse frame memory, avoid frequent memory allocation and release. true-enable, false-disable)-->
        <EnableMemoryPool> true </EnableMemoryPool>
        <!--Maximum memory size of all data frames, int type, unit: MB, minimum 100MB-->
        <MaxFrameBufferSize> 2048 </MaxFrameBufferSize>
        <!--Frame buffer queue size in pipeline-->
        <PipelineFrameQueueSize>10</PipelineFrameQueueSize>
        <!--Frame buffer queue size in internal processing unit-->
        <FrameProcessingBlockQueueSize>10</FrameProcessingBlockQueueSize>
    </Memory>

    <!--Default working configuration of pipeline-->
    <Pipeline>
        <Stream>
            <Depth>
                <!--Use default stream profile, bool type, true： use default stream profile, false：use specified stream profile in the configuration file-->
                <UseDefaultStreamProfile>true</UseDefaultStreamProfile>
            </Depth>
            <Color>
                <UseDefaultStreamProfile>true</UseDefaultStreamProfile>
                <![CDATA[
                    <!--Do not use the default stream profile. Instead, open the stream according to the specified profile. If the specified profile is not supported, the default profile will be used.-->
                    <UseDefaultStreamProfile>false</UseDefaultStreamProfile>
                    <!--Width of the resolution, int type-->
                    <Width>1920</Width>
                    <!--Height of the resolution, int type-->
                    <Height>1080</Height>
                    <!--Frame rate, int type-->
                    <FPS>30</FPS>
                    <!--frame format-->
                    <Format>MJPG</Format>
                ]]>
            </Color>
            <!--If you need to open other streams, you can refer to the above format to add configuration-->
        </Stream>
        <!--Image alignment, int type, optional values: 0 disable, 1 hardware d2c alignment, 2 software d2c alignment-->
        <AlignMode>0</AlignMode>
        <!--Frame synchronization output between different data streams, bool type, true-enable frame synchronization, false-disable frame synchronization-->
        <FrameSync>false</FrameSync>
    </Pipeline>

    <!--Default configuration of data streams for different types of devices-->
    <Device>
        <EnumerateNetDevice>false</EnumerateNetDevice>
		<!--The device corresponding to Astra adv is astra+-->
        <AstraAdv>
            <Depth>
                <!--The width of the default resolution, int type-->
                <Width>640</Width>
                <!--The height of the default resolution, int type-->
                <Height>480</Height>
                <!--Default frame rate, int type-->
                <FPS>30</FPS>
                <!--Default frame format-->
                <Format>Y16</Format>
                <!--Whether to retry after open stream failure, 0 means no retry, >=1 retry and how many times to retry-->
				<StreamFailedRetry>0</StreamFailedRetry>
                <!--Profile filter, you can configure unwanted resolution, format, frame rate related profile, use '|' to add multiple options, the filter is not turned on by default-->
                <![CDATA[
                <ProfileFilter>
					<profile>
						<Width>640</Width>
						<Height>480</Height>
						<FPS>30|10</FPS>
						<Format>Y11|Y16</Format>
					</profile>
					<profile>
						<Width>1280</Width>
						<Height>1024</Height>
					</profile>
				</ProfileFilter>
                ]]>
            </Depth>
            <Color>
                <!--The width of the default resolution, int type-->
                <Width>640</Width>
                <!--The height of the default resolution, int type-->
                <Height>480</Height>
                <!--Default frame rate, int type-->
                <FPS>30</FPS>
                <!--Default frame format-->
                <Format>MJPG</Format>
                <!--Whether to retry after open stream failure, 0 means no retry, >=1 retry and how many times to retry-->
				<StreamFailedRetry>0</StreamFailedRetry>
            </Color>
            <IR>
                <!--The width of the default resolution, int type-->
                <Width>640</Width>
                <!--The height of the default resolution, int type-->
                <Height>480</Height>
                <!--Default frame rate, int type-->
                <FPS>30</FPS>
                <!--Default frame format-->
                <Format>Y16</Format>
                <!--Whether to retry after open stream failure, 0 means no retry, >=1 retry and how many times to retry-->
				<StreamFailedRetry>0</StreamFailedRetry>
            </IR>
        </AstraAdv>

        <Femto>
            <Depth>
                <!--The width of the default resolution, int type-->
                <Width>640</Width>
                <!--The height of the default resolution, int type-->
                <Height>480</Height>
                <!--Default frame rate, int type-->
                <FPS>30</FPS>
                <!--Default frame format-->
                <Format>Y16</Format>
                <!--Whether to retry after open stream failure, 0 means no retry, >=1 retry and how many times to retry-->
				<StreamFailedRetry>0</StreamFailedRetry>
            </Depth>
            <Color>
                <!--The width of the default resolution, int type-->
                <Width>640</Width>
                <!--The height of the default resolution, int type-->
                <Height>480</Height>
                <!--Default frame rate, int type-->
                <FPS>30</FPS>
                <!--Default frame format-->
                <Format>MJPG</Format>
                <!--Whether to retry after open stream failure, 0 means no retry, >=1 retry and how many times to retry-->
				<StreamFailedRetry>0</StreamFailedRetry>
            </Color>
            <IR>
                <!--The width of the default resolution, int type-->
                <Width>640</Width>
                <!--The height of the default resolution, int type-->
                <Height>480</Height>
                <!--Default frame rate, int type-->
                <FPS>30</FPS>
                <!--Default frame format-->
                <Format>Y16</Format>
                <!--Whether to retry after open stream failure, 0 means no retry, >=1 retry and how many times to retry-->
				<StreamFailedRetry>0</StreamFailedRetry>
            </IR>
        </Femto>

		<FemtoW>
            <Depth>
                <!--The width of the default resolution, int type-->
                <Width>640</Width>
                <!--The height of the default resolution, int type-->
                <Height>480</Height>
                <!--Default frame rate, int type-->
                <FPS>30</FPS>
                <!--Default frame format-->
                <Format>Y16</Format>
                <!--Whether to retry after open stream failure, 0 means no retry, >=1 retry and how many times to retry-->
				<StreamFailedRetry>0</StreamFailedRetry>
            </Depth>
            <Color>
                <!--The width of the default resolution, int type-->
                <Width>640</Width>
                <!--The height of the default resolution, int type-->
                <Height>480</Height>
                <!--Default frame rate, int type-->
                <FPS>30</FPS>
                <!--Default frame format-->
                <Format>MJPG</Format>
                <!--Whether to retry after open stream failure, 0 means no retry, >=1 retry and how many times to retry-->
				<StreamFailedRetry>0</StreamFailedRetry>
            </Color>
            <IR>
                <!--The width of the default resolution, int type-->
                <Width>640</Width>
                <!--The height of the default resolution, int type-->
                <Height>480</Height>
                <!--Default frame rate, int type-->
                <FPS>30</FPS>
                <!--Default frame format-->
                <Format>Y16</Format>
                <!--Whether to retry after open stream failure, 0 means no retry, >=1 retry and how many times to retry-->
				<StreamFailedRetry>0</StreamFailedRetry>
            </IR>
        </FemtoW>

         <FemtoLive>
            <Depth>
                <!--The width of the default resolution, int type-->
                <Width>640</Width>
                <!--The height of the default resolution, int type-->
                <Height>480</Height>
                <!--Default frame rate, int type-->
                <FPS>30</FPS>
                <!--Default frame format-->
                <Format>Y16</Format>
                <!--Whether to retry after open stream failure, 0 means no retry, >=1 retry and how many times to retry-->
				<StreamFailedRetry>0</StreamFailedRetry>
            </Depth>
            <Color>
                <!--The width of the default resolution, int type-->
                <Width>640</Width>
                <!--The height of the default resolution, int type-->
                <Height>480</Height>
                <!--Default frame rate, int type-->
                <FPS>30</FPS>
                <!--Default frame format-->
                <Format>MJPG</Format>
                <!--Whether to retry after open stream failure, 0 means no retry, >=1 retry and how many times to retry-->
				<StreamFailedRetry>0</StreamFailedRetry>
            </Color>
            <IR>
                <!--The width of the default resolution, int type-->
                <Width>640</Width>
                <!--The height of the default resolution, int type-->
                <Height>480</Height>
                <!--Default frame rate, int type-->
                <FPS>30</FPS>
                <!--Default frame format-->
                <Format>Y16</Format>
                <!--Whether to retry after open stream failure, 0 means no retry, >=1 retry and how many times to retry-->
				<StreamFailedRetry>0</StreamFailedRetry>
            </IR>
        </FemtoLive>

        <FemtoMega>
            <Depth>
                <!--The width of the default resolution, int type-->
                <Width>640</Width>
                <!--The height of the default resolution, int type-->
                <Height>576</Height>
                <!--Default frame rate, int type-->
                <FPS>30</FPS>
                <!--Default frame format-->
                <Format>Y16</Format>
                <!--Whether to retry after open stream failure, 0 means no retry, >=1 retry and how many times to retry-->
				<StreamFailedRetry>0</StreamFailedRetry>
                <!--The maximum open-flow delay, unit: ms; if the first frame of data is not received after the open-flow exceeds this time, the open-flow will be considered as a failure-->
                <MaxStartStreamDelayMs>5000</MaxStartStreamDelayMs>
                <!--Stream interruption restart, 0 does not restart, >=1 consecutive restart attempts-->
				<StreamInterruptedRestart>0</StreamInterruptedRestart>
                <!--The maximum frame interval time, unit: ms; if no new data frame is received beyond the maximum interval time, the stream is considered to be interrupted-->
                <MaxFrameIntervalMs>5000</MaxFrameIntervalMs>
            </Depth>

            <Color>
                <!--The width of the default resolution, int type-->
                <Width>1920</Width>
                <!--The height of the default resolution, int type-->
                <Height>1080</Height>
                <!--Default frame rate, int type-->
                <FPS>30</FPS>
                <!--Default frame format-->
                <Format>MJPG</Format>
                <!--Whether to retry after open stream failure, 0 means no retry, >=1 retry and how many times to retry-->
				<StreamFailedRetry>0</StreamFailedRetry>
                <!--The maximum open-flow delay, unit: ms; if the first frame of data is not received after the open-flow exceeds this time, the open-flow will be considered as a failure-->
                <MaxStartStreamDelayMs>5000</MaxStartStreamDelayMs>
                <!--Stream interruption restart, 0 does not restart, >=1 consecutive restart attempts-->
				<StreamInterruptedRestart>0</StreamInterruptedRestart>
                <!--The maximum frame interval time, unit: ms; if no new data frame is received beyond the maximum interval time, the stream is considered to be interrupted-->
                <MaxFrameIntervalMs>5000</MaxFrameIntervalMs>
            </Color>

            <IR>
                <!--The width of the default resolution, int type-->
                <Width>640</Width>
                <!--The height of the default resolution, int type-->
                <Height>576</Height>
                <!--Default frame rate, int type-->
                <FPS>30</FPS>
                <!--Default frame format-->
                <Format>Y16</Format>
                <!--Whether to retry after open stream failure, 0 means no retry, >=1 retry and how many times to retry-->
				<StreamFailedRetry>0</StreamFailedRetry>
                <!--The maximum open-flow delay, unit: ms; if the first frame of data is not received after the open-flow exceeds this time, the open-flow will be considered as a failure-->
                <MaxStartStreamDelayMs>5000</MaxStartStreamDelayMs>
                <!--Stream interruption restart, 0 does not restart, >=1 consecutive restart attempts-->
				<StreamInterruptedRestart>0</StreamInterruptedRestart>
                <!--The maximum frame interval time, unit: ms; if no new data frame is received beyond the maximum interval time, the stream is considered to be interrupted-->
                <MaxFrameIntervalMs>5000</MaxFrameIntervalMs>
            </IR>
        </FemtoMega>
        <FemtoBolt>
            <Depth>
                <!--The width of the default resolution, int type-->
                <Width>640</Width>
                <!--The height of the default resolution, int type-->
                <Height>576</Height>
                <!--Default frame rate, int type-->
                <FPS>30</FPS>
                <!--Default frame format-->
                <Format>Y16</Format>
                <!--Whether to retry after open stream failure, 0 means no retry, >=1 retry and how many times to retry-->
				<StreamFailedRetry>0</StreamFailedRetry>
                <!--The maximum open-flow delay, unit: ms; if the first frame of data is not received after the open-flow exceeds this time, the open-flow will be considered as a failure-->
                <MaxStartStreamDelayMs>5000</MaxStartStreamDelayMs>
                <!--Stream interruption restart, 0 does not restart, >=1 consecutive restart attempts-->
				<StreamInterruptedRestart>0</StreamInterruptedRestart>
                <!--The maximum frame interval time, unit: ms; if no new data frame is received beyond the maximum interval time, the stream is considered to be interrupted-->
                <MaxFrameIntervalMs>5000</MaxFrameIntervalMs>
            </Depth>

            <Color>
                <!--The width of the default resolution, int type-->
                <Width>1920</Width>
                <!--The height of the default resolution, int type-->
                <Height>1080</Height>
                <!--Default frame rate, int type-->
                <FPS>30</FPS>
                <!--Default frame format-->
                <Format>MJPG</Format>
                <!--Whether to retry after open stream failure, 0 means no retry, >=1 retry and how many times to retry-->
				<StreamFailedRetry>0</StreamFailedRetry>
                <!--The maximum open-flow delay, unit: ms; if the first frame of data is not received after the open-flow exceeds this time, the open-flow will be considered as a failure-->
                <MaxStartStreamDelayMs>5000</MaxStartStreamDelayMs>
                <!--Stream interruption restart, 0 does not restart, >=1 consecutive restart attempts-->
				<StreamInterruptedRestart>0</StreamInterruptedRestart>
                <!--The maximum frame interval time, unit: ms; if no new data frame is received beyond the maximum interval time, the stream is considered to be interrupted-->
                <MaxFrameIntervalMs>5000</MaxFrameIntervalMs>
            </Color>

            <IR>
                <!--The width of the default resolution, int type-->
                <Width>640</Width>
                <!--The height of the default resolution, int type-->
                <Height>576</Height>
                <!--Default frame rate, int type-->
                <FPS>30</FPS>
                <!--Default frame format-->
                <Format>Y16</Format>
                <!--Whether to retry after open stream failure, 0 means no retry, >=1 retry and how many times to retry-->
				<StreamFailedRetry>0</StreamFailedRetry>
                <!--The maximum open-flow delay, unit: ms; if the first frame of data is not received after the open-flow exceeds this time, the open-flow will be considered as a failure-->
                <MaxStartStreamDelayMs>5000</MaxStartStreamDelayMs>
                <!--Stream interruption restart, 0 does not restart, >=1 consecutive restart attempts-->
				<StreamInterruptedRestart>0</StreamInterruptedRestart>
                <!--The maximum frame interval time, unit: ms; if no new data frame is received beyond the maximum interval time, the stream is considered to be interrupted-->
                <MaxFrameIntervalMs>5000</MaxFrameIntervalMs>
            </IR>
        </FemtoBolt>

         <DaBai>
            <Depth>
                <!--The width of the default resolution, int type-->
                <Width>640</Width>
                <!--The height of the default resolution, int type-->
                <Height>400</Height>
                <!--Default frame rate, int type-->
                <FPS>30</FPS>
                <!--Default frame format-->
                <Format>Y11</Format>
                <!--Whether to retry after open stream failure, 0 means no retry, >=1 retry and how many times to retry-->
				<StreamFailedRetry>0</StreamFailedRetry>
            </Depth>
            <Color>
                <!--The width of the default resolution, int type-->
                <Width>640</Width>
                <!--The height of the default resolution, int type-->
                <Height>480</Height>
                <!--Default frame rate, int type-->
                <FPS>30</FPS>
                <!--Default frame format-->
                <Format>MJPG</Format>
                <!--Whether to retry after open stream failure, 0 means no retry, >=1 retry and how many times to retry-->
				<StreamFailedRetry>0</StreamFailedRetry>
            </Color>
            <IR>
                <!--The width of the default resolution, int type-->
                <Width>640</Width>
                <!--The height of the default resolution, int type-->
                <Height>400</Height>
                <!--Default frame rate, int type-->
                <FPS>30</FPS>
                <!--Default frame format-->
                <Format>Y10</Format>
                <!--Whether to retry after open stream failure, 0 means no retry, >=1 retry and how many times to retry-->
				<StreamFailedRetry>0</StreamFailedRetry>
            </IR>
        </DaBai>

        <DaBaiPro>
            <Depth>
                <!--The width of the default resolution, int type-->
                <Width>640</Width>
                <!--The height of the default resolution, int type-->
                <Height>400</Height>
                <!--Default frame rate, int type-->
                <FPS>30</FPS>
                <!--Default frame format-->
                <Format>Y11</Format>
                <!--Whether to retry after open stream failure, 0 means no retry, >=1 retry and how many times to retry-->
				<StreamFailedRetry>0</StreamFailedRetry>
            </Depth>
            <IR>
                <!--The width of the default resolution, int type-->
                <Width>640</Width>
                <!--The height of the default resolution, int type-->
                <Height>400</Height>
                <!--Default frame rate, int type-->
                <FPS>30</FPS>
                <!--Default frame format-->
                <Format>Y10</Format>
                <!--Whether to retry after open stream failure, 0 means no retry, >=1 retry and how many times to retry-->
				<StreamFailedRetry>0</StreamFailedRetry>
            </IR>
        </DaBaiPro>

        <DaBaiDCW>
            <Depth>
                <!--The width of the default resolution, int type-->
                <Width>640</Width>
                <!--The height of the default resolution, int type-->
                <Height>360</Height>
                <!--Default frame rate, int type-->
                <FPS>30</FPS>
                <!--Default frame format-->
                <Format>Y11</Format>
                <!--Whether to retry after open stream failure, 0 means no retry, >=1 retry and how many times to retry-->
				<StreamFailedRetry>0</StreamFailedRetry>
            </Depth>
            <Color>
                <!--The width of the default resolution, int type-->
                <Width>640</Width>
                <!--The height of the default resolution, int type-->
                <Height>360</Height>
                <!--Default frame rate, int type-->
                <FPS>30</FPS>
                <!--Default frame format-->
                <Format>MJPG</Format>
                <!--Whether to retry after open stream failure, 0 means no retry, >=1 retry and how many times to retry-->
				<StreamFailedRetry>0</StreamFailedRetry>
            </Color>
            <IR>
                <!--The width of the default resolution, int type-->
                <Width>640</Width>
                <!--The height of the default resolution, int type-->
                <Height>480</Height>
                <!--Default frame rate, int type-->
                <FPS>30</FPS>
                <!--Default frame format-->
                <Format>Y10</Format>
                <!--Whether to retry after open stream failure, 0 means no retry, >=1 retry and how many times to retry-->
				<StreamFailedRetry>0</StreamFailedRetry>
            </IR>
        </DaBaiDCW>

		<DaBaiDCW2>
            <Depth>
                <!--The width of the default resolution, int type-->
                <Width>640</Width>
                <!--The height of the default resolution, int type-->
                <Height>400</Height>
                <!--Default frame rate, int type-->
                <FPS>15</FPS>
                <!--Default frame format-->
                <Format>Y11</Format>
                <!--Whether to retry after open stream failure, 0 means no retry, >=1 retry and how many times to retry-->
				<StreamFailedRetry>0</StreamFailedRetry>
            </Depth>
            <Color>
                <!--The width of the default resolution, int type-->
                <Width>640</Width>
                <!--The height of the default resolution, int type-->
                <Height>480</Height>
                <!--Default frame rate, int type-->
                <FPS>15</FPS>
                <!--Default frame format-->
                <Format>MJPG</Format>
                <!--Whether to retry after open stream failure, 0 means no retry, >=1 retry and how many times to retry-->
				<StreamFailedRetry>0</StreamFailedRetry>
            </Color>
            <IR>
                <!--The width of the default resolution, int type-->
                <Width>640</Width>
                <!--The height of the default resolution, int type-->
                <Height>400</Height>
                <!--Default frame rate, int type-->
                <FPS>15</FPS>
                <!--Default frame format-->
                <Format>Y10</Format>
                <!--Whether to retry after open stream failure, 0 means no retry, >=1 retry and how many times to retry-->
				<StreamFailedRetry>0</StreamFailedRetry>
            </IR>
        </DaBaiDCW2>

		<DaBaiDW>
            <Depth>
                <!--The width of the default resolution, int type-->
                <Width>640</Width>
                <!--The height of the default resolution, int type-->
                <Height>480</Height>
                <!--Default frame rate, int type-->
                <FPS>30</FPS>
                <!--Default frame format-->
                <Format>Y11</Format>
                <!--Whether to retry after open stream failure, 0 means no retry, >=1 retry and how many times to retry-->
				<StreamFailedRetry>0</StreamFailedRetry>
            </Depth>
            <IR>
                <!--The width of the default resolution, int type-->
                <Width>640</Width>
                <!--The height of the default resolution, int type-->
                <Height>480</Height>
                <!--Default frame rate, int type-->
                <FPS>30</FPS>
                <!--Default frame format-->
                <Format>Y10</Format>
                <!--Whether to retry after open stream failure, 0 means no retry, >=1 retry and how many times to retry-->
				<StreamFailedRetry>0</StreamFailedRetry>
            </IR>
        </DaBaiDW>

		<DaBaiDW2>
            <Depth>
                <!--The width of the default resolution, int type-->
                <Width>640</Width>
                <!--The height of the default resolution, int type-->
                <Height>400</Height>
                <!--Default frame rate, int type-->
                <FPS>15</FPS>
                <!--Default frame format-->
                <Format>Y11</Format>
                <!--Whether to retry after open stream failure, 0 means no retry, >=1 retry and how many times to retry-->
				<StreamFailedRetry>0</StreamFailedRetry>
            </Depth>
            <IR>
                <!--The width of the default resolution, int type-->
                <Width>640</Width>
                <!--The height of the default resolution, int type-->
                <Height>400</Height>
                <!--Default frame rate, int type-->
                <FPS>15</FPS>
                <!--Default frame format-->
                <Format>Y10</Format>
                <!--Whether to retry after open stream failure, 0 means no retry, >=1 retry and how many times to retry-->
				<StreamFailedRetry>0</StreamFailedRetry>
            </IR>
        </DaBaiDW2>

        <DaBaiDC1>
            <Depth>
                <!--The width of the default resolution, int type-->
                <Width>640</Width>
                <!--The height of the default resolution, int type-->
                <Height>400</Height>
                <!--Default frame rate, int type-->
                <FPS>30</FPS>
                <!--Default frame format-->
                <Format>Y11</Format>
                <!--Whether to retry after open stream failure, 0 means no retry, >=1 retry and how many times to retry-->
				<StreamFailedRetry>0</StreamFailedRetry>
            </Depth>
            <Color>
                <!--The width of the default resolution, int type-->
                <Width>640</Width>
                <!--The height of the default resolution, int type-->
                <Height>480</Height>
                <!--Default frame rate, int type-->
                <FPS>30</FPS>
                <!--Default frame format-->
                <Format>MJPG</Format>
                <!--Whether to retry after open stream failure, 0 means no retry, >=1 retry and how many times to retry-->
				<StreamFailedRetry>0</StreamFailedRetry>
            </Color>
            <IR>
                <!--The width of the default resolution, int type-->
                <Width>640</Width>
                <!--The height of the default resolution, int type-->
                <Height>400</Height>
                <!--Default frame rate, int type-->
                <FPS>30</FPS>
                <!--Default frame format-->
                <Format>Y10</Format>
                <!--Whether to retry after open stream failure, 0 means no retry, >=1 retry and how many times to retry-->
				<StreamFailedRetry>0</StreamFailedRetry>
            </IR>
        </DaBaiDC1>

        <DaBaiD1>
            <Depth>
                <!--The width of the default resolution, int type-->
                <Width>640</Width>
                <!--The height of the default resolution, int type-->
                <Height>400</Height>
                <!--Default frame rate, int type-->
                <FPS>30</FPS>
                <!--Default frame format-->
                <Format>Y11</Format>
                <!--Whether to retry after open stream failure, 0 means no retry, >=1 retry and how many times to retry-->
				<StreamFailedRetry>0</StreamFailedRetry>
            </Depth>
            <IR>
                <!--The width of the default resolution, int type-->
                <Width>640</Width>
                <!--The height of the default resolution, int type-->
                <Height>400</Height>
                <!--Default frame rate, int type-->
                <FPS>30</FPS>
                <!--Default frame format-->
                <Format>Y10</Format>
                <!--Whether to retry after open stream failure, 0 means no retry, >=1 retry and how many times to retry-->
				<StreamFailedRetry>0</StreamFailedRetry>
            </IR>
        </DaBaiD1>

        <AstraMini>
            <Depth>
                <!--The width of the default resolution, int type-->
                <Width>640</Width>
                <!--The height of the default resolution, int type-->
                <Height>480</Height>
                <!--Default frame rate, int type-->
                <FPS>30</FPS>
                <!--Default frame format-->
                <Format>Y11</Format>
                <!--Whether to retry after open stream failure, 0 means no retry, >=1 retry and how many times to retry-->
				<StreamFailedRetry>0</StreamFailedRetry>
            </Depth>
            <Color>
                <!--The width of the default resolution, int type-->
                <Width>640</Width>
                <!--The height of the default resolution, int type-->
                <Height>480</Height>
                <!--Default frame rate, int type-->
                <FPS>30</FPS>
                <!--Default frame format-->
                <Format>UYVY</Format>
                <!--Whether to retry after open stream failure, 0 means no retry, >=1 retry and how many times to retry-->
				<StreamFailedRetry>0</StreamFailedRetry>
            </Color>
            <IR>
                <!--The width of the default resolution, int type-->
                <Width>640</Width>
                <!--The height of the default resolution, int type-->
                <Height>480</Height>
                <!--Default frame rate, int type-->
                <FPS>30</FPS>
                <!--Default frame format-->
                <Format>Y10</Format>
                <!--Whether to retry after open stream failure, 0 means no retry, >=1 retry and how many times to retry-->
				<StreamFailedRetry>0</StreamFailedRetry>
            </IR>
        </AstraMini>

		<AstraMiniS>
            <Depth>
                <!--The width of the default resolution, int type-->
                <Width>640</Width>
                <!--The height of the default resolution, int type-->
                <Height>480</Height>
                <!--Default frame rate, int type-->
                <FPS>30</FPS>
                <!--Default frame format-->
                <Format>Y11</Format>
                <!--Whether to retry after open stream failure, 0 means no retry, >=1 retry and how many times to retry-->
				<StreamFailedRetry>0</StreamFailedRetry>
            </Depth>
            <Color>
                <!--The width of the default resolution, int type-->
                <Width>640</Width>
                <!--The height of the default resolution, int type-->
                <Height>480</Height>
                <!--Default frame rate, int type-->
                <FPS>30</FPS>
                <!--Default frame format-->
                <Format>UYVY</Format>
                <!--Whether to retry after open stream failure, 0 means no retry, >=1 retry and how many times to retry-->
				<StreamFailedRetry>0</StreamFailedRetry>
            </Color>
            <IR>
                <!--The width of the default resolution, int type-->
                <Width>640</Width>
                <!--The height of the default resolution, int type-->
                <Height>480</Height>
                <!--Default frame rate, int type-->
                <FPS>30</FPS>
                <!--Default frame format-->
                <Format>Y10</Format>
                <!--Whether to retry after open stream failure, 0 means no retry, >=1 retry and how many times to retry-->
				<StreamFailedRetry>0</StreamFailedRetry>
            </IR>
        </AstraMiniS>

		<AstraMiniPro>
            <Depth>
                <!--The width of the default resolution, int type-->
                <Width>640</Width>
                <!--The height of the default resolution, int type-->
                <Height>480</Height>
                <!--Default frame rate, int type-->
                <FPS>30</FPS>
                <!--Default frame format-->
                <Format>Y11</Format>
                <!--Whether to retry after open stream failure, 0 means no retry, >=1 retry and how many times to retry-->
				<StreamFailedRetry>0</StreamFailedRetry>
            </Depth>
            <Color>
                <!--The width of the default resolution, int type-->
                <Width>640</Width>
                <!--The height of the default resolution, int type-->
                <Height>480</Height>
                <!--Default frame rate, int type-->
                <FPS>30</FPS>
                <!--Default frame format-->
                <Format>UYVY</Format>
                <!--Whether to retry after open stream failure, 0 means no retry, >=1 retry and how many times to retry-->
				<StreamFailedRetry>0</StreamFailedRetry>
            </Color>
            <IR>
                <!--The width of the default resolution, int type-->
                <Width>640</Width>
                <!--The height of the default resolution, int type-->
                <Height>480</Height>
                <!--Default frame rate, int type-->
                <FPS>30</FPS>
                <!--Default frame format-->
                <Format>Y10</Format>
                <!--Whether to retry after open stream failure, 0 means no retry, >=1 retry and how many times to retry-->
				<StreamFailedRetry>0</StreamFailedRetry>
            </IR>
        </AstraMiniPro>

		<AstraMiniSPro>
            <Depth>
                <!--The width of the default resolution, int type-->
                <Width>640</Width>
                <!--The height of the default resolution, int type-->
                <Height>480</Height>
                <!--Default frame rate, int type-->
                <FPS>30</FPS>
                <!--Default frame format-->
                <Format>Y11</Format>
                <!--Whether to retry after open stream failure, 0 means no retry, >=1 retry and how many times to retry-->
				<StreamFailedRetry>0</StreamFailedRetry>
            </Depth>
            <Color>
                <!--The width of the default resolution, int type-->
                <Width>640</Width>
                <!--The height of the default resolution, int type-->
                <Height>480</Height>
                <!--Default frame rate, int type-->
                <FPS>30</FPS>
                <!--Default frame format-->
                <Format>UYVY</Format>
                <!--Whether to retry after open stream failure, 0 means no retry, >=1 retry and how many times to retry-->
				<StreamFailedRetry>0</StreamFailedRetry>
            </Color>
            <IR>
                <!--The width of the default resolution, int type-->
                <Width>640</Width>
                <!--The height of the default resolution, int type-->
                <Height>480</Height>
                <!--Default frame rate, int type-->
                <FPS>30</FPS>
                <!--Default frame format-->
                <Format>Y10</Format>
                <!--Whether to retry after open stream failure, 0 means no retry, >=1 retry and how many times to retry-->
				<StreamFailedRetry>0</StreamFailedRetry>
            </IR>
        </AstraMiniSPro>

        <AstraStereoSU3>
            <Depth>
                <!--The width of the default resolution, int type-->
                <Width>640</Width>
                <!--The height of the default resolution, int type-->
                <Height>400</Height>
                <!--Default frame rate, int type-->
                <FPS>30</FPS>
                <!--Default frame format-->
                <Format>Y11</Format>
                <!--Whether to retry after open stream failure, 0 means no retry, >=1 retry and how many times to retry-->
				<StreamFailedRetry>0</StreamFailedRetry>
            </Depth>
            <Color>
                <!--The width of the default resolution, int type-->
                <Width>640</Width>
                <!--The height of the default resolution, int type-->
                <Height>480</Height>
                <!--Default frame rate, int type-->
                <FPS>30</FPS>
                <!--Default frame format-->
                <Format>MJPG</Format>
                <!--Whether to retry after open stream failure, 0 means no retry, >=1 retry and how many times to retry-->
				<StreamFailedRetry>0</StreamFailedRetry>
            </Color>
            <IR>
                <!--The width of the default resolution, int type-->
                <Width>640</Width>
                <!--The height of the default resolution, int type-->
                <Height>400</Height>
                <!--Default frame rate, int type-->
                <FPS>30</FPS>
                <!--Default frame format-->
                <Format>Y10</Format>
                <!--Whether to retry after open stream failure, 0 means no retry, >=1 retry and how many times to retry-->
				<StreamFailedRetry>0</StreamFailedRetry>
            </IR>
        </AstraStereoSU3>

        <SV1301S_U3>
            <Depth>
                <!--The width of the default resolution, int type-->
                <Width>640</Width>
                <!--The height of the default resolution, int type-->
                <Height>400</Height>
                <!--Default frame rate, int type-->
                <FPS>30</FPS>
                <!--Default frame format-->
                <Format>Y11</Format>
                <!--Whether to retry after open stream failure, 0 means no retry, >=1 retry and how many times to retry-->
				<StreamFailedRetry>0</StreamFailedRetry>
            </Depth>
            <Color>
                <!--The width of the default resolution, int type-->
                <Width>640</Width>
                <!--The height of the default resolution, int type-->
                <Height>480</Height>
                <!--Default frame rate, int type-->
                <FPS>30</FPS>
                <!--Default frame format-->
                <Format>MJPG</Format>
                <!--Whether to retry after open stream failure, 0 means no retry, >=1 retry and how many times to retry-->
				<StreamFailedRetry>0</StreamFailedRetry>
            </Color>
            <IR>
                <!--The width of the default resolution, int type-->
                <Width>640</Width>
                <!--The height of the default resolution, int type-->
                <Height>400</Height>
                <!--Default frame rate, int type-->
                <FPS>30</FPS>
                <!--Default frame format-->
                <Format>Y10</Format>
                <!--Whether to retry after open stream failure, 0 means no retry, >=1 retry and how many times to retry-->
				<StreamFailedRetry>0</StreamFailedRetry>
            </IR>
        </SV1301S_U3>
        <SL1000S_U3>
            <Depth>
                <!--The width of the default resolution, int type-->
                <Width>640</Width>
                <!--The height of the default resolution, int type-->
                <Height>400</Height>
                <!--Default frame rate, int type-->
                <FPS>30</FPS>
                <!--Default frame format-->
                <Format>Y11</Format>
                <!--Whether to retry after open stream failure, 0 means no retry, >=1 retry and how many times to retry-->
				<StreamFailedRetry>0</StreamFailedRetry>
            </Depth>
            <Color>
                <!--The width of the default resolution, int type-->
                <Width>640</Width>
                <!--The height of the default resolution, int type-->
                <Height>480</Height>
                <!--Default frame rate, int type-->
                <FPS>30</FPS>
                <!--Default frame format-->
                <Format>MJPG</Format>
                <!--Whether to retry after open stream failure, 0 means no retry, >=1 retry and how many times to retry-->
				<StreamFailedRetry>0</StreamFailedRetry>
            </Color>
            <IR>
                <!--The width of the default resolution, int type-->
                <Width>640</Width>
                <!--The height of the default resolution, int type-->
                <Height>400</Height>
                <!--Default frame rate, int type-->
                <FPS>30</FPS>
                <!--Default frame format-->
                <Format>Y10</Format>
                <!--Whether to retry after open stream failure, 0 means no retry, >=1 retry and how many times to retry-->
				<StreamFailedRetry>0</StreamFailedRetry>
            </IR>
        </SL1000S_U3>

        <Astra>
            <Depth>
                <!--The width of the default resolution, int type-->
                <Width>640</Width>
                <!--The height of the default resolution, int type-->
                <Height>480</Height>
                <!--Default frame rate, int type-->
                <FPS>30</FPS>
                <!--Default frame format-->
                <Format>Y11</Format>
                <!--Whether to retry after open stream failure, 0 means no retry, >=1 retry and how many times to retry-->
				<StreamFailedRetry>0</StreamFailedRetry>
            </Depth>
            <Color>
                <!--The width of the default resolution, int type-->
                <Width>640</Width>
                <!--The height of the default resolution, int type-->
                <Height>480</Height>
                <!--Default frame rate, int type-->
                <FPS>30</FPS>
                <!--Default frame format-->
                <Format>UYVY</Format>
                <!--Whether to retry after open stream failure, 0 means no retry, >=1 retry and how many times to retry-->
				<StreamFailedRetry>0</StreamFailedRetry>
            </Color>
            <IR>
                <!--The width of the default resolution, int type-->
                <Width>640</Width>
                <!--The height of the default resolution, int type-->
                <Height>480</Height>
                <!--Default frame rate, int type-->
                <FPS>30</FPS>
                <!--Default frame format-->
                <Format>Y10</Format>
                <!--Whether to retry after open stream failure, 0 means no retry, >=1 retry and how many times to retry-->
				<StreamFailedRetry>0</StreamFailedRetry>
            </IR>
        </Astra>

        <AstraProPlus>
            <Depth>
                <!--The width of the default resolution, int type-->
                <Width>640</Width>
                <!--The height of the default resolution, int type-->
                <Height>480</Height>
                <!--Default frame rate, int type-->
                <FPS>30</FPS>
                <!--Default frame format-->
                <Format>Y11</Format>
                <!--Whether to retry after open stream failure, 0 means no retry, >=1 retry and how many times to retry-->
				<StreamFailedRetry>0</StreamFailedRetry>
            </Depth>
            <Color>
                <!--The width of the default resolution, int type-->
                <Width>640</Width>
                <!--The height of the default resolution, int type-->
                <Height>480</Height>
                <!--Default frame rate, int type-->
                <FPS>30</FPS>
                <!--Default frame format-->
                <Format>MJPG</Format>
                <!--Whether to retry after open stream failure, 0 means no retry, >=1 retry and how many times to retry-->
				<StreamFailedRetry>0</StreamFailedRetry>
            </Color>
            <IR>
                <!--The width of the default resolution, int type-->
                <Width>640</Width>
                <!--The height of the default resolution, int type-->
                <Height>480</Height>
                <!--Default frame rate, int type-->
                <FPS>30</FPS>
                <!--Default frame format-->
                <Format>Y10</Format>
                <!--Whether to retry after open stream failure, 0 means no retry, >=1 retry and how many times to retry-->
				<StreamFailedRetry>0</StreamFailedRetry>
            </IR>
        </AstraProPlus>

		<AstraEmbeddedS>
            <Depth>
                <!--The width of the default resolution, int type-->
                <Width>640</Width>
                <!--The height of the default resolution, int type-->
                <Height>400</Height>
                <!--Default frame rate, int type-->
                <FPS>30</FPS>
                <!--Default frame format-->
                <Format>Y11</Format>
                <!--Whether to retry after open stream failure, 0 means no retry, >=1 retry and how many times to retry-->
				<StreamFailedRetry>0</StreamFailedRetry>
            </Depth>
            <Color>
                <!--The width of the default resolution, int type-->
                <Width>640</Width>
                <!--The height of the default resolution, int type-->
                <Height>480</Height>
                <!--Default frame rate, int type-->
                <FPS>30</FPS>
                <!--Default frame format-->
                <Format>MJPG</Format>
                <!--Whether to retry after open stream failure, 0 means no retry, >=1 retry and how many times to retry-->
				<StreamFailedRetry>0</StreamFailedRetry>
            </Color>
            <IR>
                <!--The width of the default resolution, int type-->
                <Width>640</Width>
                <!--The height of the default resolution, int type-->
                <Height>400</Height>
                <!--Default frame rate, int type-->
                <FPS>30</FPS>
                <!--Default frame format-->
                <Format>Y10</Format>
                <!--Whether to retry after open stream failure, 0 means no retry, >=1 retry and how many times to retry-->
				<StreamFailedRetry>0</StreamFailedRetry>
            </IR>
        </AstraEmbeddedS>

        <Deeyea>
            <Depth>
                <!--The width of the default resolution, int type-->
                <Width>640</Width>
                <!--The height of the default resolution, int type-->
                <Height>400</Height>
                <!--Default frame rate, int type-->
                <FPS>30</FPS>
                <!--Default frame format-->
                <Format>Y11</Format>
                <!--Whether to retry after open stream failure, 0 means no retry, >=1 retry and how many times to retry-->
				<StreamFailedRetry>0</StreamFailedRetry>
            </Depth>
            <Color>
                <!--The width of the default resolution, int type-->
                <Width>640</Width>
                <!--The height of the default resolution, int type-->
                <Height>480</Height>
                <!--Default frame rate, int type-->
                <FPS>30</FPS>
                <!--Default frame format-->
                <Format>MJPG</Format>
                <!--Whether to retry after open stream failure, 0 means no retry, >=1 retry and how many times to retry-->
				<StreamFailedRetry>0</StreamFailedRetry>
            </Color>
            <IR>
                <!--The width of the default resolution, int type-->
                <Width>640</Width>
                <!--The height of the default resolution, int type-->
                <Height>400</Height>
                <!--Default frame rate, int type-->
                <FPS>30</FPS>
                <!--Default frame format-->
                <Format>Y10</Format>
                <!--Whether to retry after open stream failure, 0 means no retry, >=1 retry and how many times to retry-->
				<StreamFailedRetry>0</StreamFailedRetry>
            </IR>
        </Deeyea>
        <SL1502P_U2>
            <Depth>
                <!--The width of the default resolution, int type-->
                <Width>480</Width>
                <!--The height of the default resolution, int type-->
                <Height>640</Height>
                <!--Default frame rate, int type-->
                <FPS>30</FPS>
                <!--Default frame format-->
                <Format>Y11</Format>
                <!--Whether to retry after open stream failure, 0 means no retry, >=1 retry and how many times to retry-->
				<StreamFailedRetry>0</StreamFailedRetry>
            </Depth>
            <Color>
                <!--The width of the default resolution, int type-->
                <Width>640</Width>
                <!--The height of the default resolution, int type-->
                <Height>480</Height>
                <!--Default frame rate, int type-->
                <FPS>30</FPS>
                <!--Default frame format-->
                <Format>MJPG</Format>
                <!--Whether to retry after open stream failure, 0 means no retry, >=1 retry and how many times to retry-->
				<StreamFailedRetry>0</StreamFailedRetry>
            </Color>
            <IR>
                <!--The width of the default resolution, int type-->
                <Width>480</Width>
                <!--The height of the default resolution, int type-->
                <Height>640</Height>
                <!--Default frame rate, int type-->
                <FPS>30</FPS>
                <!--Default frame format-->
                <Format>Y10</Format>
                <!--Whether to retry after open stream failure, 0 means no retry, >=1 retry and how many times to retry-->
				<StreamFailedRetry>0</StreamFailedRetry>
            </IR>
        </SL1502P_U2>
        <GeminiE>
            <Depth>
                <!--The width of the default resolution, int type-->
                <Width>640</Width>
                <!--The height of the default resolution, int type-->
                <Height>360</Height>
                <!--Default frame rate, int type-->
                <FPS>30</FPS>
                <!--Default frame format-->
                <Format>Y11</Format>
                <!--Whether to retry after open stream failure, 0 means no retry, >=1 retry and how many times to retry-->
				<StreamFailedRetry>0</StreamFailedRetry>
            </Depth>
            <Color>
                <!--The width of the default resolution, int type-->
                <Width>640</Width>
                <!--The height of the default resolution, int type-->
                <Height>360</Height>
                <!--Default frame rate, int type-->
                <FPS>30</FPS>
                <!--Default frame format-->
                <Format>MJPG</Format>
                <!--Whether to retry after open stream failure, 0 means no retry, >=1 retry and how many times to retry-->
				<StreamFailedRetry>0</StreamFailedRetry>
            </Color>
            <IR>
                <!--The width of the default resolution, int type-->
                <Width>640</Width>
                <!--The height of the default resolution, int type-->
                <Height>480</Height>
                <!--Default frame rate, int type-->
                <FPS>30</FPS>
                <!--Default frame format-->
                <Format>Y10</Format>
                <!--Whether to retry after open stream failure, 0 means no retry, >=1 retry and how many times to retry-->
				<StreamFailedRetry>0</StreamFailedRetry>
            </IR>
        </GeminiE>
        <GeminiELite>
            <Depth>
                <!--The width of the default resolution, int type-->
                <Width>640</Width>
                <!--The height of the default resolution, int type-->
                <Height>480</Height>
                <!--Default frame rate, int type-->
                <FPS>30</FPS>
                <!--Default frame format-->
                <Format>Y11</Format>
                <!--Whether to retry after open stream failure, 0 means no retry, >=1 retry and how many times to retry-->
				<StreamFailedRetry>0</StreamFailedRetry>
            </Depth>
            <IR>
                <!--The width of the default resolution, int type-->
                <Width>640</Width>
                <!--The height of the default resolution, int type-->
                <Height>480</Height>
                <!--Default frame rate, int type-->
                <FPS>30</FPS>
                <!--Default frame format-->
                <Format>Y10</Format>
                <!--Whether to retry after open stream failure, 0 means no retry, >=1 retry and how many times to retry-->
				<StreamFailedRetry>0</StreamFailedRetry>
            </IR>
        </GeminiELite>
        <!--Gemini2 config-->
        <OrbbecGemini2>
	        <!--Whether to enable heartbeat by default-->
	        <DefaultHeartBeat>0</DefaultHeartBeat>
			<!--Whether to enable firmware upgrade foolproof by default, only internal version supports-->
			<FirmwareUpgradeFoolproof>1</FirmwareUpgradeFoolproof>

            <!--TODO lumiaozi It is cumbersome to consider the recommended configuration in different camera depth modes-->
            <!--TODO lumiaozi have to consider the uncorresponding resolutions in different camera depth modes-->
			<Depth>
			    <!--Number of retries for open stream failures, 0 means no retries-->
				<StreamFailedRetry>0</StreamFailedRetry>
				<!--Open flow waits for the timeout period of the first frame of data, after which the open flow will fail-->
				<MaxStartStreamDelayMs>5000</MaxStartStreamDelayMs>
				<!--The number of data stream restarts due to abnormal interruption, 0 means no restart-->
				<StreamInterruptedRestart>0</StreamInterruptedRestart>
				<!--The maximum frame interval time, if this value is exceeded, it will be judged that the stream is interrupted-->
				<MaxFrameIntervalMs>2000</MaxFrameIntervalMs>
                <!--The resolution width is enabled by default, int type-->
                <Width>1280</Width>
                <!--High resolution is enabled by default, int type-->
                <Height>800</Height>
                <!--The frame rate of the resolution enabled by default, int type-->
                <FPS>30</FPS>
                <Format>RLE</Format>
            </Depth>
            <Color>
                <!--The resolution width is enabled by default, int type-->
                <Width>1280</Width>
                <!--High resolution is enabled by default, int type-->
                <Height>720</Height>
                <!--The frame rate of the resolution enabled by default, int type-->
                <FPS>30</FPS>
                <Format>MJPG</Format>
            </Color>
            <IR>
                <!--The resolution width is enabled by default, int type-->
                <Width>1280</Width>
                <!--High resolution is enabled by default, int type-->
                <Height>800</Height>
                <!--The frame rate of the resolution enabled by default, int type-->
                <FPS>30</FPS>
                <Format>Y8</Format>
            </IR>
			<IR_LEFT>
                <!--The resolution width is enabled by default, int type-->
                <Width>1280</Width>
                <!--High resolution is enabled by default, int type-->
                <Height>800</Height>
                <!--The frame rate of the resolution enabled by default, int type-->
                <FPS>30</FPS>
                <Format>Y8</Format>
            </IR_LEFT>
			<IR_RIGHT>
                <!--The resolution width is enabled by default, int type-->
                <Width>1280</Width>
                <!--High resolution is enabled by default, int type-->
                <Height>800</Height>
                <!--The frame rate of the resolution enabled by default, int type-->
                <FPS>30</FPS>
                <Format>Y8</Format>
            </IR_RIGHT>
            <!--Configurations in different camera depth modes -->
            <!--Deep working mode: Unbinned Dense Default -->
            <UnbinnedDenseDefault>
                <!--You can configure the default resolution corresponding to the sensor in the current mode here, if not configured, then use the Device node to correspond to the default resolution of the sensor -->
            </UnbinnedDenseDefault>
            <!--Deep working mode: Unbinned Sparse Default -->
            <UnbinnedSparseDefault>
                <!--You can configure the default resolution corresponding to the sensor in the current mode here, if not configured, then use the Device node to correspond to the default resolution of the sensor -->
            </UnbinnedSparseDefault>
                <!--Deep working mode: Binned Sparse Default -->
            <BinnedSparseDefault>
                <!--You can configure the default resolution corresponding to the sensor in the current mode here, if not configured, then use the Device node to correspond to the default resolution of the sensor -->
                <Depth>
                    <!--The resolution width is enabled by default, int type-->
                    <Width>640</Width>
					<!--High resolution is enabled by default, int type-->
					<Height>400</Height>
					<!--The frame rate of the resolution enabled by default, int type-->
					<FPS>30</FPS>
					<Format>RLE</Format>
				</Depth>
				<IR>
					<!--The resolution width is enabled by default, int type-->
					<Width>640</Width>
					<!--High resolution is enabled by default, int type-->
					<Height>400</Height>
					<!--The frame rate of the resolution enabled by default, int type-->
					<FPS>30</FPS>
					<Format>Y8</Format>
				</IR>
			</BinnedSparseDefault>
			<FactoryCalibration>
			    <Color>
					<!--The resolution width is enabled by default, int type-->
					<Width>1920</Width>
					<!--High resolution is enabled by default, int type-->
					<Height>1080</Height>
					<!--The frame rate of the resolution enabled by default, int type-->
					<FPS>30</FPS>
					<Format>MJPG</Format>
				</Color>
				<IR_LEFT>
					<!--The resolution width is enabled by default, int type-->
					<Width>1280</Width>
					<!--High resolution is enabled by default, int type-->
					<Height>800</Height>
					<!--The frame rate of the resolution enabled by default, int type-->
					<FPS>30</FPS>
					<Format>Y10</Format>
				</IR_LEFT>
				<IR_RIGHT>
					<!--The resolution width is enabled by default, int type-->
					<Width>1280</Width>
					<!--High resolution is enabled by default, int type-->
					<Height>800</Height>
					<!--The frame rate of the resolution enabled by default, int type-->
					<FPS>30</FPS>
					<Format>Y10</Format>
				</IR_RIGHT>

			</FactoryCalibration>
			<In-sceneCalibration>
			    <Color>
					<!--The resolution width is enabled by default, int type-->
					<Width>1920</Width>
					<!--High resolution is enabled by default, int type-->
					<Height>1080</Height>
					<!--The frame rate of the resolution enabled by default, int type-->
					<FPS>30</FPS>
					<Format>MJPG</Format>
				</Color>
				<IR_LEFT>
					<!--The resolution width is enabled by default, int type-->
					<Width>1280</Width>
					<!--High resolution is enabled by default, int type-->
					<Height>800</Height>
					<!--The frame rate of the resolution enabled by default, int type-->
					<FPS>30</FPS>
					<Format>Y8</Format>
				</IR_LEFT>
				<IR_RIGHT>
					<!--The resolution width is enabled by default, int type-->
					<Width>1280</Width>
					<!--High resolution is enabled by default, int type-->
					<Height>800</Height>
					<!--The frame rate of the resolution enabled by default, int type-->
					<FPS>30</FPS>
					<Format>Y8</Format>
				</IR_RIGHT>
			</In-sceneCalibration>
        </OrbbecGemini2>
        <!--DaBaiDCL config-->
        <DaBaiDCL>
	        <!--Whether to enable heartbeat by default-->
	        <DefaultHeartBeat>0</DefaultHeartBeat>
			<!--Whether to enable firmware upgrade foolproof by default, only internal version supports-->
			<FirmwareUpgradeFoolproof>1</FirmwareUpgradeFoolproof>

            <!--TODO lumiaozi It is cumbersome to consider the recommended configuration in different camera depth modes-->
            <!--TODO lumiaozi have to consider the uncorresponding resolutions in different camera depth modes-->
			<Depth>
			    <!--Number of retries for open stream failures, 0 means no retries-->
				<StreamFailedRetry>0</StreamFailedRetry>
				<!--Open flow waits for the timeout period of the first frame of data, after which the open flow will fail-->
				<MaxStartStreamDelayMs>5000</MaxStartStreamDelayMs>
				<!--The number of data stream restarts due to abnormal interruption, 0 means no restart-->
				<StreamInterruptedRestart>0</StreamInterruptedRestart>
				<!--The maximum frame interval time, if this value is exceeded, it will be judged that the stream is interrupted-->
				<MaxFrameIntervalMs>2000</MaxFrameIntervalMs>
                <!--The resolution width is enabled by default, int type-->
                <Width>1280</Width>
                <!--High resolution is enabled by default, int type-->
                <Height>800</Height>
                <!--The frame rate of the resolution enabled by default, int type-->
                <FPS>30</FPS>
                <Format>RLE</Format>
            </Depth>
            <Color>
                <!--The resolution width is enabled by default, int type-->
                <Width>1280</Width>
                <!--High resolution is enabled by default, int type-->
                <Height>720</Height>
                <!--The frame rate of the resolution enabled by default, int type-->
                <FPS>30</FPS>
                <Format>MJPG</Format>
            </Color>
            <IR>
                <!--The resolution width is enabled by default, int type-->
                <Width>1280</Width>
                <!--High resolution is enabled by default, int type-->
                <Height>800</Height>
                <!--The frame rate of the resolution enabled by default, int type-->
                <FPS>30</FPS>
                <Format>Y8</Format>
            </IR>
			<IR_LEFT>
                <!--The resolution width is enabled by default, int type-->
                <Width>1280</Width>
                <!--High resolution is enabled by default, int type-->
                <Height>800</Height>
                <!--The frame rate of the resolution enabled by default, int type-->
                <FPS>30</FPS>
                <Format>Y8</Format>
            </IR_LEFT>
			<IR_RIGHT>
                <!--The resolution width is enabled by default, int type-->
                <Width>1280</Width>
                <!--High resolution is enabled by default, int type-->
                <Height>800</Height>
                <!--The frame rate of the resolution enabled by default, int type-->
                <FPS>30</FPS>
                <Format>Y8</Format>
            </IR_RIGHT>

			<!--Configurations in different camera depth modes-->
			<HighAccuracyMode>
			    <Depth>
                    <!--The resolution width is enabled by default, int type-->
                    <Width>640</Width>
					<!--High resolution is enabled by default, int type-->
					<Height>400</Height>
					<!--The frame rate of the resolution enabled by default, int type-->
					<FPS>30</FPS>
					<Format>Y16</Format>
				</Depth>
				<IR>
					<!--The resolution width is enabled by default, int type-->
					<Width>640</Width>
					<!--High resolution is enabled by default, int type-->
					<Height>400</Height>
					<!--The frame rate of the resolution enabled by default, int type-->
					<FPS>30</FPS>
					<Format>Y8</Format>
				</IR>
			</HighAccuracyMode>
			<FactoryCalibration>
			    <Color>
					<!--The resolution width is enabled by default, int type-->
					<Width>1920</Width>
					<!--High resolution is enabled by default, int type-->
					<Height>1080</Height>
					<!--The frame rate of the resolution enabled by default, int type-->
					<FPS>30</FPS>
					<Format>MJPG</Format>
				</Color>
				<IR_LEFT>
					<!--The resolution width is enabled by default, int type-->
					<Width>1280</Width>
					<!--High resolution is enabled by default, int type-->
					<Height>800</Height>
					<!--The frame rate of the resolution enabled by default, int type-->
					<FPS>30</FPS>
					<Format>Y10</Format>
				</IR_LEFT>
				<IR_RIGHT>
					<!--The resolution width is enabled by default, int type-->
					<Width>1280</Width>
					<!--High resolution is enabled by default, int type-->
					<Height>800</Height>
					<!--The frame rate of the resolution enabled by default, int type-->
					<FPS>30</FPS>
					<Format>Y10</Format>
				</IR_RIGHT>

			</FactoryCalibration>
			<In-sceneCalibration>
			    <Color>
					<!--The resolution width is enabled by default, int type-->
					<Width>1920</Width>
					<!--High resolution is enabled by default, int type-->
					<Height>1080</Height>
					<!--The frame rate of the resolution enabled by default, int type-->
					<FPS>30</FPS>
					<Format>MJPG</Format>
				</Color>
				<IR_LEFT>
					<!--The resolution width is enabled by default, int type-->
					<Width>1280</Width>
					<!--High resolution is enabled by default, int type-->
					<Height>800</Height>
					<!--The frame rate of the resolution enabled by default, int type-->
					<FPS>30</FPS>
					<Format>Y8</Format>
				</IR_LEFT>
				<IR_RIGHT>
					<!--The resolution width is enabled by default, int type-->
					<Width>1280</Width>
					<!--High resolution is enabled by default, int type-->
					<Height>800</Height>
					<!--The frame rate of the resolution enabled by default, int type-->
					<FPS>30</FPS>
					<Format>Y8</Format>
				</IR_RIGHT>
			</In-sceneCalibration>
        </DaBaiDCL>
        <!--OrbbecGemini2L config-->
        <OrbbecGemini2L>
	        <!--Whether to enable heartbeat by default-->
	        <DefaulHeartBeat>0</DefaulHeartBeat>

            <!--TODO lumiaozi It is cumbersome to consider the recommended configuration in different camera depth modes-->
            <!--TODO lumiaozi have to consider the uncorresponding resolutions in different camera depth modes-->
			<Depth>
			    <!--Number of retries for open stream failures, 0 means no retries-->
				<StreamFailedRetry>0</StreamFailedRetry>
				<!--Open flow waits for the timeout period of the first frame of data, after which the open flow will fail-->
				<MaxStartStreamDelayMs>5000</MaxStartStreamDelayMs>
				<!--The number of data stream restarts due to abnormal interruption, 0 means no restart-->
				<StreamInterruptedRestart>0</StreamInterruptedRestart>
				<!--The maximum frame interval time, if this value is exceeded, it will be judged that the stream is interrupted-->
				<MaxFrameIntervalMs>2000</MaxFrameIntervalMs>
                <!--The resolution width is enabled by default, int type-->
                <Width>1280</Width>
                <!--High resolution is enabled by default, int type-->
                <Height>800</Height>
                <!--The frame rate of the resolution enabled by default, int type-->
                <FPS>30</FPS>
                <Format>RLE</Format>
            </Depth>
            <Color>
                <!--The resolution width is enabled by default, int type-->
                <Width>1280</Width>
                <!--High resolution is enabled by default, int type-->
                <Height>720</Height>
                <!--The frame rate of the resolution enabled by default, int type-->
                <FPS>30</FPS>
                <!--The frame rate of the resolution enabled by default, int type-->
                <Format>MJPG</Format>
                <!--Number of retries for open stream failures, 0 means no retries-->
				<StreamFailedRetry>0</StreamFailedRetry>
            </Color>
            <IR>
                <!--The resolution width is enabled by default, int type-->
                <Width>1280</Width>
                <!--High resolution is enabled by default, int type-->
                <Height>800</Height>
                <!--The frame rate of the resolution enabled by default, int type-->
                <FPS>30</FPS>
                <!--The frame rate of the resolution enabled by default, int type-->
                <Format>Y8</Format>
                <!--Number of retries for open stream failures, 0 means no retries-->
				<StreamFailedRetry>0</StreamFailedRetry>
            </IR>
			<IR_LEFT>
                <!--The resolution width is enabled by default, int type-->
                <Width>1280</Width>
                <!--High resolution is enabled by default, int type-->
                <Height>800</Height>
                <!--The frame rate of the resolution enabled by default, int type-->
                <FPS>30</FPS>
                <Format>Y8</Format>
                <!--Number of retries for open stream failures, 0 means no retries-->
				<StreamFailedRetry>0</StreamFailedRetry>
            </IR_LEFT>
			<IR_RIGHT>
                <!--The resolution width is enabled by default, int type-->
                <Width>1280</Width>
                <!--High resolution is enabled by default, int type-->
                <Height>800</Height>
                <!--The frame rate of the resolution enabled by default, int type-->
                <FPS>30</FPS>
                <Format>Y8</Format>
                <!--Number of retries for open stream failures, 0 means no retries-->
				<StreamFailedRetry>0</StreamFailedRetry>
            </IR_RIGHT>

			<!--Configurations in different camera depth modes-->
			<BinnedSparseDefault>
			    <Depth>
                    <!--The resolution width is enabled by default, int type-->
                    <Width>640</Width>
					<!--High resolution is enabled by default, int type-->
					<Height>400</Height>
					<!--The frame rate of the resolution enabled by default, int type-->
					<FPS>30</FPS>
					<Format>RLE</Format>
                    <!--Number of retries for open stream failures, 0 means no retries-->
				    <StreamFailedRetry>0</StreamFailedRetry>
				</Depth>
				<IR>
					<!--The resolution width is enabled by default, int type-->
					<Width>640</Width>
					<!--High resolution is enabled by default, int type-->
					<Height>400</Height>
					<!--The frame rate of the resolution enabled by default, int type-->
					<FPS>30</FPS>
					<Format>Y8</Format>
                    <!--Number of retries for open stream failures, 0 means no retries-->
				    <StreamFailedRetry>0</StreamFailedRetry>
				</IR>
			</BinnedSparseDefault>
			<FactoryCalibration>
			    <Color>
					<!--The resolution width is enabled by default, int type-->
					<Width>1920</Width>
					<!--High resolution is enabled by default, int type-->
					<Height>1080</Height>
					<!--The frame rate of the resolution enabled by default, int type-->
					<FPS>30</FPS>
					<Format>MJPG</Format>
                    <!--Number of retries for open stream failures, 0 means no retries-->
				    <StreamFailedRetry>0</StreamFailedRetry>
				</Color>
				<IR_LEFT>
					<!--The resolution width is enabled by default, int type-->
					<Width>1280</Width>
					<!--High resolution is enabled by default, int type-->
					<Height>800</Height>
					<!--The frame rate of the resolution enabled by default, int type-->
					<FPS>30</FPS>
					<Format>Y10</Format>
                    <!--Number of retries for open stream failures, 0 means no retries-->
				    <StreamFailedRetry>0</StreamFailedRetry>
				</IR_LEFT>
				<IR_RIGHT>
					<!--The resolution width is enabled by default, int type-->
					<Width>1280</Width>
					<!--High resolution is enabled by default, int type-->
					<Height>800</Height>
					<!--The frame rate of the resolution enabled by default, int type-->
					<FPS>30</FPS>
					<Format>Y10</Format>
                    <!--Number of retries for open stream failures, 0 means no retries-->
				    <StreamFailedRetry>0</StreamFailedRetry>
				</IR_RIGHT>

			</FactoryCalibration>
			<In-sceneCalibration>
			    <Color>
					<!--The resolution width is enabled by default, int type-->
					<Width>1920</Width>
					<!--High resolution is enabled by default, int type-->
					<Height>1080</Height>
					<!--The frame rate of the resolution enabled by default, int type-->
					<FPS>30</FPS>
					<Format>MJPG</Format>
                    <!--Number of retries for open stream failures, 0 means no retries-->
				    <StreamFailedRetry>0</StreamFailedRetry>
				</Color>
				<IR_LEFT>
					<!--The resolution width is enabled by default, int type-->
					<Width>1280</Width>
					<!--High resolution is enabled by default, int type-->
					<Height>800</Height>
					<!--The frame rate of the resolution enabled by default, int type-->
					<FPS>30</FPS>
					<Format>Y8</Format>
                    <!--Number of retries for open stream failures, 0 means no retries-->
				    <StreamFailedRetry>0</StreamFailedRetry>
				</IR_LEFT>
				<IR_RIGHT>
					<!--The resolution width is enabled by default, int type-->
					<Width>1280</Width>
					<!--High resolution is enabled by default, int type-->
					<Height>800</Height>
					<!--The frame rate of the resolution enabled by default, int type-->
					<FPS>30</FPS>
					<Format>Y8</Format>
                    <!--Number of retries for open stream failures, 0 means no retries-->
				    <StreamFailedRetry>0</StreamFailedRetry>
				</IR_RIGHT>
			</In-sceneCalibration>
        </OrbbecGemini2L>
        <!--Astra2 config-->
        <OrbbecAstra2>
	        <!--Whether to enable heartbeat by default-->
	        <DefaulHeartBeat>0</DefaulHeartBeat>

            <!--TODO lumiaozi It is cumbersome to consider the recommended configuration in different camera depth modes-->
            <!--TODO lumiaozi have to consider the uncorresponding resolutions in different camera depth modes-->
			<Depth>
			    <!--Number of retries for open stream failures, 0 means no retries-->
				<StreamFailedRetry>2</StreamFailedRetry>
				<!--Open flow waits for the timeout period of the first frame of data, after which the open flow will fail-->
				<MaxStartStreamDelayMs>10000</MaxStartStreamDelayMs>
				<!--The number of data stream restarts due to abnormal interruption, 0 means no restart-->
				<StreamInterruptedRestart>2</StreamInterruptedRestart>
				<!--The maximum frame interval time, if this value is exceeded, it will be judged that the stream is interrupted-->
				<MaxFrameIntervalMs>2000</MaxFrameIntervalMs>
                <!--The resolution width is enabled by default, int type-->
                <Width>800</Width>
                <!--High resolution is enabled by default, int type-->
                <Height>600</Height>
                <!--The frame rate of the resolution enabled by default, int type-->
                <FPS>30</FPS>
                <Format>RLE</Format>
            </Depth>
            <Color>
                <!--The resolution width is enabled by default, int type-->
                <Width>1280</Width>
                <!--High resolution is enabled by default, int type-->
                <Height>720</Height>
                <!--The frame rate of the resolution enabled by default, int type-->
                <FPS>30</FPS>
                <Format>MJPG</Format>
            </Color>
            <IR>
                <!--The resolution width is enabled by default, int type-->
                <Width>800</Width>
                <!--High resolution is enabled by default, int type-->
                <Height>600</Height>
                <!--The frame rate of the resolution enabled by default, int type-->
                <FPS>30</FPS>
                <Format>Y8</Format>
            </IR>
			<!--Configurations in different camera depth modes-->
			<HighResolution>
			    <Depth>
                    <!--The resolution width is enabled by default, int type-->
                    <Width>1600</Width>
					<!--High resolution is enabled by default, int type-->
					<Height>1200</Height>
					<!--The frame rate of the resolution enabled by default, int type-->
					<FPS>30</FPS>
					<Format>RLE</Format>
				</Depth>
                <Color>
					<!--The resolution width is enabled by default, int type-->
					<Width>1280</Width>
					<!--High resolution is enabled by default, int type-->
					<Height>720</Height>
					<!--The frame rate of the resolution enabled by default, int type-->
					<FPS>30</FPS>
					<Format>MJPG</Format>
				</Color>
				<IR>
					<!--The resolution width is enabled by default, int type-->
					<Width>800</Width>
					<!--High resolution is enabled by default, int type-->
					<Height>600</Height>
					<!--The frame rate of the resolution enabled by default, int type-->
					<FPS>30</FPS>
					<Format>Y8</Format>
				</IR>
			</HighResolution>
			<ClassicResolution>
                <Depth>
                    <!--The resolution width is enabled by default, int type-->
                    <Width>640</Width>
					<!--High resolution is enabled by default, int type-->
					<Height>480</Height>
					<!--The frame rate of the resolution enabled by default, int type-->
					<FPS>30</FPS>
					<Format>RLE</Format>
				</Depth>
                <Color>
					<!--The resolution width is enabled by default, int type-->
					<Width>1280</Width>
					<!--High resolution is enabled by default, int type-->
					<Height>720</Height>
					<!--The frame rate of the resolution enabled by default, int type-->
					<FPS>30</FPS>
					<Format>MJPG</Format>
				</Color>
				<IR>
					<!--The resolution width is enabled by default, int type-->
					<Width>640</Width>
					<!--High resolution is enabled by default, int type-->
					<Height>480</Height>
					<!--The frame rate of the resolution enabled by default, int type-->
					<FPS>30</FPS>
					<Format>Y8</Format>
				</IR>
			</ClassicResolution>
        </OrbbecAstra2>
        <!-- Gemini2VL config -->
        <OrbbecGemini2VL>
	        <!-- 默认是否开启心跳 -->
	        <DefaulHeartBeat>0</DefaulHeartBeat>

            <Color>
                <!--默认开启分辨率的宽，int类型-->
                <Width>1280</Width>
                <!--默认开启分辨率的高，int类型-->
                <Height>800</Height>
                <!--默认开启分辨率的帧率，int类型-->
                <FPS>30</FPS>
                <Format>MJPG</Format>
                <!-- 开流失败重试次数,0表示不重试 -->
				<StreamFailedRetry>0</StreamFailedRetry>
            </Color>
			<IR_LEFT>
                <!--默认开启分辨率的宽，int类型-->
                <Width>1280</Width>
                <!--默认开启分辨率的高，int类型-->
                <Height>800</Height>
                <!--默认开启分辨率的帧率，int类型-->
                <FPS>30</FPS>
                <Format>Y8</Format>
                <!-- 开流失败重试次数,0表示不重试 -->
				<StreamFailedRetry>0</StreamFailedRetry>
            </IR_LEFT>
			<IR_RIGHT>
                <!--默认开启分辨率的宽，int类型-->
                <Width>1280</Width>
                <!--默认开启分辨率的高，int类型-->
                <Height>800</Height>
                <!--默认开启分辨率的帧率，int类型-->
                <FPS>30</FPS>
                <Format>Y8</Format>
                <!-- 开流失败重试次数,0表示不重试 -->
				<StreamFailedRetry>0</StreamFailedRetry>
            </IR_RIGHT>

			<!-- 不同相机深度模式下的配置 -->
			<BinnedSparseStereoImaging>
			    <Color>
                    <!--默认开启分辨率的宽，int类型-->
                    <Width>1280</Width>
					<!--默认开启分辨率的高，int类型-->
					<Height>800</Height>
					<!--默认开启分辨率的帧率，int类型-->
					<FPS>30</FPS>
					<Format>MJPG</Format>
                    <!-- 开流失败重试次数,0表示不重试 -->
				    <StreamFailedRetry>0</StreamFailedRetry>
				</Color>
                <IR_LEFT>
                    <!--默认开启分辨率的宽，int类型-->
                    <Width>640</Width>
                    <!--默认开启分辨率的高，int类型-->
                    <Height>400</Height>
                    <!--默认开启分辨率的帧率，int类型-->
                    <FPS>30</FPS>
                    <Format>Y8</Format>
                    <!-- 开流失败重试次数,0表示不重试 -->
                    <StreamFailedRetry>0</StreamFailedRetry>
                </IR_LEFT>
                <IR_RIGHT>
                    <!--默认开启分辨率的宽，int类型-->
                    <Width>640</Width>
                    <!--默认开启分辨率的高，int类型-->
                    <Height>400</Height>
                    <!--默认开启分辨率的帧率，int类型-->
                    <FPS>30</FPS>
                    <Format>Y8</Format>
                    <!-- 开流失败重试次数,0表示不重试 -->
                    <StreamFailedRetry>0</StreamFailedRetry>
                </IR_RIGHT>
			</BinnedSparseStereoImaging>
			<FactoryCalibration>
			    <Color>
					<!--默认开启分辨率的宽，int类型-->
					<Width>1920</Width>
					<!--默认开启分辨率的高，int类型-->
					<Height>1080</Height>
					<!--默认开启分辨率的帧率，int类型-->
					<FPS>30</FPS>
					<Format>MJPG</Format>
                    <!-- 开流失败重试次数,0表示不重试 -->
				    <StreamFailedRetry>0</StreamFailedRetry>
				</Color>
				<IR_LEFT>
					<!--默认开启分辨率的宽，int类型-->
					<Width>1280</Width>
					<!--默认开启分辨率的高，int类型-->
					<Height>800</Height>
					<!--默认开启分辨率的帧率，int类型-->
					<FPS>30</FPS>
					<Format>Y10</Format>
                    <!-- 开流失败重试次数,0表示不重试 -->
				    <StreamFailedRetry>0</StreamFailedRetry>
				</IR_LEFT>
				<IR_RIGHT>
					<!--默认开启分辨率的宽，int类型-->
					<Width>1280</Width>
					<!--默认开启分辨率的高，int类型-->
					<Height>800</Height>
					<!--默认开启分辨率的帧率，int类型-->
					<FPS>30</FPS>
					<Format>Y10</Format>
                    <!-- 开流失败重试次数,0表示不重试 -->
				    <StreamFailedRetry>0</StreamFailedRetry>
				</IR_RIGHT>

			</FactoryCalibration>
			<In-sceneCalibration>
			    <Color>
					<!--默认开启分辨率的宽，int类型-->
					<Width>1920</Width>
					<!--默认开启分辨率的高，int类型-->
					<Height>1080</Height>
					<!--默认开启分辨率的帧率，int类型-->
					<FPS>30</FPS>
					<Format>MJPG</Format>
                    <!-- 开流失败重试次数,0表示不重试 -->
				    <StreamFailedRetry>0</StreamFailedRetry>
				</Color>
				<IR_LEFT>
					<!--默认开启分辨率的宽，int类型-->
					<Width>1280</Width>
					<!--默认开启分辨率的高，int类型-->
					<Height>800</Height>
					<!--默认开启分辨率的帧率，int类型-->
					<FPS>30</FPS>
					<Format>Y8</Format>
                    <!-- 开流失败重试次数,0表示不重试 -->
				    <StreamFailedRetry>0</StreamFailedRetry>
				</IR_LEFT>
				<IR_RIGHT>
					<!--默认开启分辨率的宽，int类型-->
					<Width>1280</Width>
					<!--默认开启分辨率的高，int类型-->
					<Height>800</Height>
					<!--默认开启分辨率的帧率，int类型-->
					<FPS>30</FPS>
					<Format>Y8</Format>
                    <!-- 开流失败重试次数,0表示不重试 -->
				    <StreamFailedRetry>0</StreamFailedRetry>
				</IR_RIGHT>
			</In-sceneCalibration>
        </OrbbecGemini2VL>
        <!-- Gemini2XL config -->
        <OrbbecGemini2XL>
	        <!-- 默认是否开启心跳 -->
	        <DefaulHeartBeat>0</DefaulHeartBeat>

            <!-- TODO lumiaozi 要考虑不同相机深度模式下的推荐配置，当然显得繁琐 -->
            <!-- TODO lumiaozi 要考虑不同相机深度模式下的没有对应分辨率 -->
			<Depth>
			    <!-- 开流失败重试次数,0表示不重试 -->
				<StreamFailedRetry>0</StreamFailedRetry>
				<!-- 开流等待第一帧数据的超时时间，超过后则本次开流失败 -->
				<MaxStartStreamDelayMs>5000</MaxStartStreamDelayMs>
				<!-- 数据流异常中断重启次数, 0表示不重启 -->
				<StreamInterruptedRestart>5</StreamInterruptedRestart>
				<!-- 最大帧间隔时间，超过这个值则判断流中断了 -->
				<MaxFrameIntervalMs>2000</MaxFrameIntervalMs>
                <!--默认开启分辨率的宽，int类型-->
                <Width>1280</Width>
                <!--默认开启分辨率的高，int类型-->
                <Height>800</Height>
                <!--默认开启分辨率的帧率，int类型-->
                <FPS>10</FPS>
                <Format>RVL</Format>
            </Depth>
            <Color>
                <!--默认开启分辨率的宽，int类型-->
                <Width>1280</Width>
                <!--默认开启分辨率的高，int类型-->
                <Height>800</Height>
                <!--默认开启分辨率的帧率，int类型-->
                <FPS>10</FPS>
                <Format>MJPG</Format>
                <!-- 开流失败重试次数,0表示不重试 -->
				<StreamFailedRetry>0</StreamFailedRetry>
                <!-- 数据流异常中断重启次数, 0表示不重启 -->
				<StreamInterruptedRestart>5</StreamInterruptedRestart>
				<!-- 最大帧间隔时间，超过这个值则判断流中断了 -->
				<MaxFrameIntervalMs>2000</MaxFrameIntervalMs>
            </Color>
			<IR_LEFT>
                <!--默认开启分辨率的宽，int类型-->
                <Width>1280</Width>
                <!--默认开启分辨率的高，int类型-->
                <Height>800</Height>
                <!--默认开启分辨率的帧率，int类型-->
                <FPS>10</FPS>
                <Format>Y8</Format>
                <!-- 开流失败重试次数,0表示不重试 -->
				<StreamFailedRetry>0</StreamFailedRetry>
                <!-- 数据流异常中断重启次数, 0表示不重启 -->
				<StreamInterruptedRestart>5</StreamInterruptedRestart>
				<!-- 最大帧间隔时间，超过这个值则判断流中断了 -->
				<MaxFrameIntervalMs>2000</MaxFrameIntervalMs>
            </IR_LEFT>
			<IR_RIGHT>
                <!--默认开启分辨率的宽，int类型-->
                <Width>1280</Width>
                <!--默认开启分辨率的高，int类型-->
                <Height>800</Height>
                <!--默认开启分辨率的帧率，int类型-->
                <FPS>10</FPS>
                <Format>Y8</Format>
                <!-- 开流失败重试次数,0表示不重试 -->
				<StreamFailedRetry>0</StreamFailedRetry>
                <!-- 数据流异常中断重启次数, 0表示不重启 -->
				<StreamInterruptedRestart>5</StreamInterruptedRestart>
				<!-- 最大帧间隔时间，超过这个值则判断流中断了 -->
				<MaxFrameIntervalMs>2000</MaxFrameIntervalMs>
            </IR_RIGHT>
            <Accel>
                <!-- 数据流异常中断重启次数, 0表示不重启 -->
				<StreamInterruptedRestart>5</StreamInterruptedRestart>
				<!-- 最大帧间隔时间，超过这个值则判断流中断了 -->
				<MaxFrameIntervalMs>2000</MaxFrameIntervalMs>
            </Accel>
            <Gyro>
                <!-- 数据流异常中断重启次数, 0表示不重启 -->
				<StreamInterruptedRestart>5</StreamInterruptedRestart>
				<!-- 最大帧间隔时间，超过这个值则判断流中断了 -->
				<MaxFrameIntervalMs>2000</MaxFrameIntervalMs>
            </Gyro>

			<!-- 不同相机深度模式下的配置 -->
			<BinnedSparseDefault>
                <Color>
                    <!--默认开启分辨率的宽，int类型-->
                    <Width>1280</Width>
					<!--默认开启分辨率的高，int类型-->
					<Height>800</Height>
					<!--默认开启分辨率的帧率，int类型-->
					<FPS>20</FPS>
					<Format>MJPG</Format>
                    <!-- 开流失败重试次数,0表示不重试 -->
				    <StreamFailedRetry>0</StreamFailedRetry>
                    <!-- 数据流异常中断重启次数, 0表示不重启 -->
                    <StreamInterruptedRestart>5</StreamInterruptedRestart>
                    <!-- 最大帧间隔时间，超过这个值则判断流中断了 -->
                    <MaxFrameIntervalMs>2000</MaxFrameIntervalMs>
				</Color>
			    <Depth>
                    <!--默认开启分辨率的宽，int类型-->
                    <Width>640</Width>
					<!--默认开启分辨率的高，int类型-->
					<Height>400</Height>
					<!--默认开启分辨率的帧率，int类型-->
					<FPS>20</FPS>
					<Format>RVL</Format>
                    <!-- 开流失败重试次数,0表示不重试 -->
				    <StreamFailedRetry>0</StreamFailedRetry>
                    <!-- 数据流异常中断重启次数, 0表示不重启 -->
                    <StreamInterruptedRestart>5</StreamInterruptedRestart>
                    <!-- 最大帧间隔时间，超过这个值则判断流中断了 -->
                    <MaxFrameIntervalMs>2000</MaxFrameIntervalMs>
				</Depth>
                <IR_LEFT>
                    <!--默认开启分辨率的宽，int类型-->
                    <Width>640</Width>
                    <!--默认开启分辨率的高，int类型-->
                    <Height>400</Height>
                    <!--默认开启分辨率的帧率，int类型-->
                    <FPS>20</FPS>
                    <Format>Y8</Format>
                    <!-- 开流失败重试次数,0表示不重试 -->
                    <StreamFailedRetry>0</StreamFailedRetry>
                    <!-- 数据流异常中断重启次数, 0表示不重启 -->
                    <StreamInterruptedRestart>5</StreamInterruptedRestart>
                    <!-- 最大帧间隔时间，超过这个值则判断流中断了 -->
                    <MaxFrameIntervalMs>2000</MaxFrameIntervalMs>
                </IR_LEFT>
                <IR_RIGHT>
                    <!--默认开启分辨率的宽，int类型-->
                    <Width>640</Width>
                    <!--默认开启分辨率的高，int类型-->
                    <Height>400</Height>
                    <!--默认开启分辨率的帧率，int类型-->
                    <FPS>20</FPS>
                    <Format>Y8</Format>
                    <!-- 开流失败重试次数,0表示不重试 -->
                    <StreamFailedRetry>0</StreamFailedRetry>
                    <!-- 数据流异常中断重启次数, 0表示不重启 -->
                    <StreamInterruptedRestart>5</StreamInterruptedRestart>
                    <!-- 最大帧间隔时间，超过这个值则判断流中断了 -->
                    <MaxFrameIntervalMs>2000</MaxFrameIntervalMs>
                </IR_RIGHT>                
			</BinnedSparseDefault>
			<FactoryCalibration>
			    <Color>
					<!--默认开启分辨率的宽，int类型-->
					<Width>1280</Width>
					<!--默认开启分辨率的高，int类型-->
					<Height>800</Height>
					<!--默认开启分辨率的帧率，int类型-->
					<FPS>10</FPS>
					<Format>MJPG</Format>
                    <!-- 开流失败重试次数,0表示不重试 -->
				    <StreamFailedRetry>0</StreamFailedRetry>
                    <!-- 数据流异常中断重启次数, 0表示不重启 -->
                    <StreamInterruptedRestart>5</StreamInterruptedRestart>
                    <!-- 最大帧间隔时间，超过这个值则判断流中断了 -->
                    <MaxFrameIntervalMs>2000</MaxFrameIntervalMs>
				</Color>
				<IR_LEFT>
					<!--默认开启分辨率的宽，int类型-->
					<Width>1280</Width>
					<!--默认开启分辨率的高，int类型-->
					<Height>800</Height>
					<!--默认开启分辨率的帧率，int类型-->
					<FPS>10</FPS>
					<Format>Y10</Format>
                    <!-- 开流失败重试次数,0表示不重试 -->
				    <StreamFailedRetry>0</StreamFailedRetry>
                    <!-- 数据流异常中断重启次数, 0表示不重启 -->
                    <StreamInterruptedRestart>5</StreamInterruptedRestart>
                    <!-- 最大帧间隔时间，超过这个值则判断流中断了 -->
                    <MaxFrameIntervalMs>2000</MaxFrameIntervalMs>
				</IR_LEFT>
				<IR_RIGHT>
					<!--默认开启分辨率的宽，int类型-->
					<Width>1280</Width>
					<!--默认开启分辨率的高，int类型-->
					<Height>800</Height>
					<!--默认开启分辨率的帧率，int类型-->
					<FPS>10</FPS>
					<Format>Y10</Format>
                    <!-- 开流失败重试次数,0表示不重试 -->
				    <StreamFailedRetry>0</StreamFailedRetry>
                    <!-- 数据流异常中断重启次数, 0表示不重启 -->
                    <StreamInterruptedRestart>5</StreamInterruptedRestart>
                    <!-- 最大帧间隔时间，超过这个值则判断流中断了 -->
                    <MaxFrameIntervalMs>2000</MaxFrameIntervalMs>
				</IR_RIGHT>
			</FactoryCalibration>
			<In-sceneCalibration>
			    <Color>
					<!--默认开启分辨率的宽，int类型-->
					<Width>1280</Width>
					<!--默认开启分辨率的高，int类型-->
					<Height>800</Height>
					<!--默认开启分辨率的帧率，int类型-->
					<FPS>10</FPS>
					<Format>MJPG</Format>
                    <!-- 开流失败重试次数,0表示不重试 -->
				    <StreamFailedRetry>0</StreamFailedRetry>
                    <!-- 数据流异常中断重启次数, 0表示不重启 -->
                    <StreamInterruptedRestart>5</StreamInterruptedRestart>
                    <!-- 最大帧间隔时间，超过这个值则判断流中断了 -->
                    <MaxFrameIntervalMs>2000</MaxFrameIntervalMs>
				</Color>
				<IR_LEFT>
					<!--默认开启分辨率的宽，int类型-->
					<Width>1280</Width>
					<!--默认开启分辨率的高，int类型-->
					<Height>800</Height>
					<!--默认开启分辨率的帧率，int类型-->
					<FPS>10</FPS>
					<Format>Y8</Format>
                    <!-- 开流失败重试次数,0表示不重试 -->
				    <StreamFailedRetry>0</StreamFailedRetry>
                    <!-- 数据流异常中断重启次数, 0表示不重启 -->
                    <StreamInterruptedRestart>5</StreamInterruptedRestart>
                    <!-- 最大帧间隔时间，超过这个值则判断流中断了 -->
                    <MaxFrameIntervalMs>2000</MaxFrameIntervalMs>
				</IR_LEFT>
				<IR_RIGHT>
					<!--默认开启分辨率的宽，int类型-->
					<Width>1280</Width>
					<!--默认开启分辨率的高，int类型-->
					<Height>800</Height>
					<!--默认开启分辨率的帧率，int类型-->
					<FPS>10</FPS>
					<Format>Y8</Format>
                    <!-- 开流失败重试次数,0表示不重试 -->
				    <StreamFailedRetry>0</StreamFailedRetry>
                    <!-- 数据流异常中断重启次数, 0表示不重启 -->
                    <StreamInterruptedRestart>5</StreamInterruptedRestart>
                    <!-- 最大帧间隔时间，超过这个值则判断流中断了 -->
                    <MaxFrameIntervalMs>2000</MaxFrameIntervalMs>
				</IR_RIGHT>
			</In-sceneCalibration>
        </OrbbecGemini2XL>
    </Device>
</Config>
